match_id,submitted_by
9de72650-4014-4a6d-8b7c-7714cf220834,db5b2c0f-943a-468e-85bb-00ed08c94851
102761ff-b436-472f-8c17-39383bee009c,db5b2c0f-943a-468e-85bb-00ed08c94851
c7f78774-9a5b-4cd3-a35f-6b8c09fc1da5,db5b2c0f-943a-468e-85bb-00ed08c94851
9bfaf178-4f2d-45dd-84ac-e10be2d63bed,db5b2c0f-943a-468e-85bb-00ed08c94851
d8fb30b7-0c34-4356-ba90-c06166a4aa00,db5b2c0f-943a-468e-85bb-00ed08c94851
4a97fd59-a385-4fab-8326-1e4740489d16,db5b2c0f-943a-468e-85bb-00ed08c94851
f058a230-953f-48b5-bfbb-9a9a25286dd4,db5b2c0f-943a-468e-85bb-00ed08c94851
b682c45a-58d3-4326-81db-f00dc4699da2,db5b2c0f-943a-468e-85bb-00ed08c94851
e85e9fc1-ee05-4a28-bb8c-8e97dbb9b306,db5b2c0f-943a-468e-85bb-00ed08c94851
d6c0381a-6eae-4a3f-b520-9a7de36a81d0,db5b2c0f-943a-468e-85bb-00ed08c94851
a8734f5b-42f8-4caf-955f-ef4e3aaa3134,db5b2c0f-943a-468e-85bb-00ed08c94851
1b6f8fa4-af22-4dee-b08f-d979935d45d7,db5b2c0f-943a-468e-85bb-00ed08c94851
31dd8bae-0264-4393-a3e1-cfbc6579f575,db5b2c0f-943a-468e-85bb-00ed08c94851
89a1b6c9-4467-4081-aa60-beb57dd4c63b,db5b2c0f-943a-468e-85bb-00ed08c94851
b099cc40-e833-4137-a8c3-2e4c675cd833,db5b2c0f-943a-468e-85bb-00ed08c94851
d2a7449d-8776-46c5-a591-3a4adc9eba15,db5b2c0f-943a-468e-85bb-00ed08c94851
b064a196-db4e-4c47-9f9c-9255fe5bb744,db5b2c0f-943a-468e-85bb-00ed08c94851
08555a29-ee04-448f-98d4-b1e324e24caa,db5b2c0f-943a-468e-85bb-00ed08c94851
0a4ed3a3-b6ea-4466-b0a1-8a7951fa5ea2,db5b2c0f-943a-468e-85bb-00ed08c94851
964d8687-d66e-4a23-9152-2dbc5fd38f23,db5b2c0f-943a-468e-85bb-00ed08c94851
d3c2a8b6-3d13-4caf-a393-832aa669ee6d,db5b2c0f-943a-468e-85bb-00ed08c94851
0deb0cd9-5414-4c4d-b6b8-5f2c3318da05,db5b2c0f-943a-468e-85bb-00ed08c94851
bc23955c-fb27-4071-b47e-bc4b345ce27a,db5b2c0f-943a-468e-85bb-00ed08c94851
82aadd04-62f8-4e2d-948d-9d853604d510,db5b2c0f-943a-468e-85bb-00ed08c94851
d5cb02ed-e2c3-4ee4-9d3e-e139d975edc0,db5b2c0f-943a-468e-85bb-00ed08c94851
9334922e-39b9-4c0c-8b0e-6a6fed210bb4,db5b2c0f-943a-468e-85bb-00ed08c94851
f4f2a820-b5cd-410d-a10f-62b382ddf5d6,db5b2c0f-943a-468e-85bb-00ed08c94851
015394c5-0171-48de-a8e7-fb5b9d797472,db5b2c0f-943a-468e-85bb-00ed08c94851
7e382596-24c4-4070-b2ce-6cff6fed7c92,db5b2c0f-943a-468e-85bb-00ed08c94851
8a58c569-69d9-4e80-be78-1469ed5a8567,db5b2c0f-943a-468e-85bb-00ed08c94851
a2340682-7f42-4f11-b649-a7b04d3c1c5f,db5b2c0f-943a-468e-85bb-00ed08c94851
aee488b9-293c-4d88-be5d-ad7b57685652,db5b2c0f-943a-468e-85bb-00ed08c94851
fd8ccf56-f4b2-456b-8b33-413771b87165,db5b2c0f-943a-468e-85bb-00ed08c94851
2935c2d9-4180-4b08-a0bc-6b7bffc540dd,db5b2c0f-943a-468e-85bb-00ed08c94851
3912264c-4fa3-4eac-bd21-d7866d353820,db5b2c0f-943a-468e-85bb-00ed08c94851
e3431395-345e-4039-bd5b-9b58255adf02,db5b2c0f-943a-468e-85bb-00ed08c94851
ab65393f-14b5-4c97-8fec-334f99680bab,db5b2c0f-943a-468e-85bb-00ed08c94851
e79c5233-871e-4553-bbdb-6ca94265c8bd,db5b2c0f-943a-468e-85bb-00ed08c94851
0c55f3d9-25e8-459e-bb07-b3b1b8dcf039,db5b2c0f-943a-468e-85bb-00ed08c94851
f7e5bbec-270c-45af-a08f-b77f985ddde0,db5b2c0f-943a-468e-85bb-00ed08c94851
308f1ccc-543e-4aa6-99e4-b11565d5acc3,db5b2c0f-943a-468e-85bb-00ed08c94851
9a5aa70a-4cdd-471b-a18d-29faa76558ef,db5b2c0f-943a-468e-85bb-00ed08c94851
35f12009-fdb9-4866-8673-046e48dd718e,db5b2c0f-943a-468e-85bb-00ed08c94851
22e49dc5-4421-4a8f-b87f-1a35b8678a91,db5b2c0f-943a-468e-85bb-00ed08c94851
a09d91c6-0fe0-44b4-af59-c81829b029b5,db5b2c0f-943a-468e-85bb-00ed08c94851
eddd600d-b9f3-4dba-90e1-c7f7abc89000,db5b2c0f-943a-468e-85bb-00ed08c94851
488a3e85-8a4d-4467-8de6-80e24af75211,db5b2c0f-943a-468e-85bb-00ed08c94851
855407aa-b1af-425d-b06b-23ec69a05eb0,db5b2c0f-943a-468e-85bb-00ed08c94851
75c1d4a4-f7d8-4bb5-87b7-5af309601c99,db5b2c0f-943a-468e-85bb-00ed08c94851
5a5b9023-60e3-4729-b6ae-8a9686a0fde0,db5b2c0f-943a-468e-85bb-00ed08c94851
443c264d-cbcd-4821-b9db-823f4ab9d041,db5b2c0f-943a-468e-85bb-00ed08c94851
a0f414c0-446c-4753-9d70-25538abd1488,db5b2c0f-943a-468e-85bb-00ed08c94851
be6c7d4d-1392-488a-a318-d9de784755d6,db5b2c0f-943a-468e-85bb-00ed08c94851
8769d334-b6d8-424a-ace8-b46f5faef110,db5b2c0f-943a-468e-85bb-00ed08c94851
57b8075a-faf8-4c2d-b182-f7fb5ff322d0,db5b2c0f-943a-468e-85bb-00ed08c94851
37e25823-c865-496f-b6d3-faa8fb74fda5,db5b2c0f-943a-468e-85bb-00ed08c94851
7ee32b5a-83dd-4607-a20c-6cfccfdb01ad,db5b2c0f-943a-468e-85bb-00ed08c94851
dcbfd303-96e6-4684-93c1-4fff908dc70f,db5b2c0f-943a-468e-85bb-00ed08c94851
b4d93b2c-ce78-446c-b73f-3011912ce16e,db5b2c0f-943a-468e-85bb-00ed08c94851
f03049f2-b34b-4e37-a2e1-f958caa082d6,db5b2c0f-943a-468e-85bb-00ed08c94851
00562a30-4b31-4e80-b2c8-e298d7af67eb,db5b2c0f-943a-468e-85bb-00ed08c94851
9b97fd7e-bb62-44bb-9c88-83fa21c3f857,db5b2c0f-943a-468e-85bb-00ed08c94851
04565ddd-b5bf-4da3-bc21-706d5d22e1f8,db5b2c0f-943a-468e-85bb-00ed08c94851
3cefb582-baea-4a31-8ef9-fcc3603ad6d9,db5b2c0f-943a-468e-85bb-00ed08c94851
4ebbca4d-0890-4f5a-bfea-9793f0072e68,db5b2c0f-943a-468e-85bb-00ed08c94851
a370901a-c58f-491d-80a6-28fea3cd199d,db5b2c0f-943a-468e-85bb-00ed08c94851
74e84f91-cee9-444a-82c6-aced2a37534d,db5b2c0f-943a-468e-85bb-00ed08c94851
46804404-5010-4a72-af30-86e6138dfbef,db5b2c0f-943a-468e-85bb-00ed08c94851
c4c287be-3e97-46d7-a640-a2de789fe7e5,db5b2c0f-943a-468e-85bb-00ed08c94851
252ddd3c-1e6e-4a0f-a666-41a43ed33fce,db5b2c0f-943a-468e-85bb-00ed08c94851
d664f733-24f0-48b1-b50e-75337d619973,db5b2c0f-943a-468e-85bb-00ed08c94851
f78258b7-de56-476b-aa91-b6a2b886f786,db5b2c0f-943a-468e-85bb-00ed08c94851
e672ef26-33cb-41df-8506-76ea675ec190,db5b2c0f-943a-468e-85bb-00ed08c94851
85baf93c-a32b-43f3-9f1d-98cc572d7303,db5b2c0f-943a-468e-85bb-00ed08c94851
67d4581f-be7d-49b7-822a-9cc5d4329bcb,db5b2c0f-943a-468e-85bb-00ed08c94851
dc9cd0c9-344a-4451-8943-5f009bac4f31,db5b2c0f-943a-468e-85bb-00ed08c94851
256c1ed3-7ffd-4d61-8768-89a10f39a0af,db5b2c0f-943a-468e-85bb-00ed08c94851
904e17e3-c7b5-4eec-a544-1a55c96285f5,db5b2c0f-943a-468e-85bb-00ed08c94851
041c48f4-e65a-4373-8ba6-140b8f12dd99,db5b2c0f-943a-468e-85bb-00ed08c94851
3a2a3887-a8ce-4f2e-8fa8-6d7962c2be84,db5b2c0f-943a-468e-85bb-00ed08c94851
9a125869-ca5f-4ca5-8546-8896e5e8de1c,db5b2c0f-943a-468e-85bb-00ed08c94851
64783ee1-2ec8-4400-8efa-76afe4e0e2ae,db5b2c0f-943a-468e-85bb-00ed08c94851
1016425e-b57f-4228-9d17-a2d04608ea69,db5b2c0f-943a-468e-85bb-00ed08c94851
39cba536-8554-42be-87ad-6a279f252a96,db5b2c0f-943a-468e-85bb-00ed08c94851
c7f8e45e-189e-4bc0-bb89-f5300117be19,db5b2c0f-943a-468e-85bb-00ed08c94851
ffe9808a-1bec-49a8-8362-af42d0d4311c,db5b2c0f-943a-468e-85bb-00ed08c94851
fa866e60-9c05-4130-926d-8c9a39458b86,db5b2c0f-943a-468e-85bb-00ed08c94851
f4ebe456-0f91-4be4-bb99-5188162103eb,db5b2c0f-943a-468e-85bb-00ed08c94851
6962c040-bed4-4014-9474-66f4f8758455,db5b2c0f-943a-468e-85bb-00ed08c94851
9fffe848-467c-4ab7-91a1-a667e4f64399,db5b2c0f-943a-468e-85bb-00ed08c94851
25bcb6a8-5afa-48b6-97c6-859355aac0ba,db5b2c0f-943a-468e-85bb-00ed08c94851
19b5cf39-b086-40a6-b4a5-383ec647a87c,db5b2c0f-943a-468e-85bb-00ed08c94851
eeed8cbe-a154-4064-8906-45d286a80732,db5b2c0f-943a-468e-85bb-00ed08c94851
092ecf2d-6681-45ae-9c22-d691f29c6917,db5b2c0f-943a-468e-85bb-00ed08c94851
37da8789-a482-4a76-8114-771a5266a45b,db5b2c0f-943a-468e-85bb-00ed08c94851
6a7539ab-ba01-466c-acf2-584ef77a0cfc,db5b2c0f-943a-468e-85bb-00ed08c94851
fb591838-aded-4ebc-a471-bbb676574777,db5b2c0f-943a-468e-85bb-00ed08c94851
1ded3967-02d7-4d31-956b-b84e0098ce5b,db5b2c0f-943a-468e-85bb-00ed08c94851
b9718e5e-94e6-430c-b7f6-4ef9b223247c,db5b2c0f-943a-468e-85bb-00ed08c94851
74074a53-77fb-44e7-9fbb-66709582ddbc,db5b2c0f-943a-468e-85bb-00ed08c94851
